Nom établissement,Adresse,Code postal,Ville
EASY STOCKAGE Nantes Ville, 7 Bd Maréchal Alphonse Juin
3 Y INTERNATIONAL,  80 ZAC de La Briqueterie Voie A
Déménagement & Co,  
Selfstock,  4 Rue des Feivres
FRANCE IN BOX | Location de Box |*OFFRE A -50%|Garde meuble/ Accès Sécurisé 24h/24 - 7j/7,  7 Rue d'Ingril
selfstock.com Brech /Auray, zone de Keriquellan
Lorient Box Stockage Lorient,   40 Rue du Gaillec
Stockerseul.com ANGERS STOCKAGE,    117 Rte de Briollay
Box de Stockage Lyon,   56 Av. Chanoine Cartellier
selfstock.com Chalon-sur-Saône, 6 Rue Henri Becquerel
selfstock.com,  Zone d'Activité de la ZA La Teppe
selfstock.com Orléans / Saran,  340 Rue des Sables de Sary
selfstock.com Dreux,    10 Rue de la Garenne
selfstock.com Vitry-en-Charollais,  438 Colaillot
Box de stockage et Garde-meuble 1BOX Self-Storage Six-Fours-Les-Plages, 262 Chem. de Bassaquet
selfstock.com Lons-le-Saunier / Courlaoux,  Rue de Vaudrey
stockerseul.com - Guer, 4 Rue de la Roche
Pennes Mirabeau Stockage,   Chem. de la Tuilerie
Groupement du Garde-Meubles : Nantes,   4 Ter Rue d'Italie
National box,   
Le-Box Lyon/Villeurbanne,   54 Rue Chp de l'Orme
Le-Box - Dole,  3 Rue André Marie Ampère
Le-box Chalon-sur-Saone / Champforgeuil,    5 Rue Sadi Carnot et L J Thénard
Box les Capucins Castres - Mazamet | Garde-Meuble et Location de Box,   9 Rue François Arago
Box les Capucins Béziers | Garde-Meuble et Location de Box, P.A.E de Mercorent 59 Rue Nicolas Joseph Cugnot
Les Gentlemen du Déménagement - Aux Demenageurs Pyreneens Adhérent, 11 Bd Victor Guilhem
Demeclic,   
Garde-meubles Votre-Box Vitrolles,  1 Rue de Lisbonne
Stocketmoi - Solutions de stockage Paris - Lille - Bruxelles,   
Easy Stockage SAUMUR VAL DE LOIRE,  1900 Rte de Cholet
Bourges Box,    20 Av. de la Prospective
Les Déménageurs Bretons - MDT,  9 Rue du Petit Plessis
stockerseul.com - Tours,    26 Rue du Pont aux Oies
selfstock.com Bourges/Saint-Germain-du-Puy, 1274 All. Beaumarchais
selfstock.com Bourges,  ZAC Les Varennes 7 Rue Nicéphore Niépce
Selfstock.com,  Rue Marcel Paul
BeauvalBox - Location box Beaugency,    62 Av. d'Orléans
selfstock.com Déols / Châteauroux,  Rue Sylvain Rebrioux
selfstock.com Chartres/Mainvilliers,    9 Rue George Charpak
selfstock.com Blois/Vineuil,    98/120 Rue Jacquard
selfstock.com Joué-lès-Tours,   31 bis Rte des Vaux
Stockage Box Services,  Boulevard Jean Moulin Rue du Clos Bonnet ZI du
A-CHANTEAU BOX Angers,  10 Chemin du Bois Chem. de Haute Perche
Box Avenue, 14 Rue de la Grande Bretagne
Chateaubriant-box,  69 Rue d'Ancenis
Transporap Déménagement & Garde-meubles,    73 Rue des Charmes
Berton Box Orleans Nord,    1 Rue des Sablons
Berton Box Orleans Ouest,   14 Rue Henry Dunant
Annexx - Garde meuble et box de stockage à Orléans, 380 Rue Francis Perrin
LOIRET BOX ET GARDE MEUBLES,    5 Chem. Latéral
Garde meubles 28,   2 Rue du Pont Saint-Jean
Okbox Chartres, ZA du BREHARET Rue de l'Orme Guyot
Eco Bray Sci,   3 Rue du Moulin
Garde meuble Seine Maritime 76 de la Saane Paris - Normandie - Eure,    19 Rue des Ormes
AST Déménagement / Demepool 27-76 Rouen -Evreux,    Les Sablons
okbox.fr Evreux,    157 Imp. Jacques Monod
Les déménageurs bretons Rouen - ABCDEM'ESTUAIRE,    205 Chem. de Croisset
Louet BOX,  55 Rue Charles Coulomb
okbox.fr Caen Nord, 4 Rue des Hauts Fourneaux
okbox.fr Caen Sud,  5 allée Emilie du Chatelet ZAC Object'Ifs
Locabox Caen,   178 Rue du Poirier
selfstock.com Trégueux, 10 Rue Tanguy Prigent
Modulobox Rennes,   5 Rue du Manoir de Servigné
MODULOBOX,  ZI Les Basses Forges
selfstock.com,  Rue des Métiers
selfstock.com Fougères/Romagné, 14 ZA du Coudrais
selfstock.com Rennes,   18 Rue de la Frébardière
selfstock.com Pontivy/Noyal-Pontivy,    Zone de la Villeneuve Rue de Kerponner
Box du Grand Ouest - Garde meuble à Nantes, 23 Rue du Moulin
Kostok Pommeret - Box de stockage,  14 Rue Victor Robert
selfstock.com Caen / Ouistreham,    Rue de la Crète au Coq
Locabox Saint-Thibault-des-Vignes,  2 Pass. Fernand Léger
LOCKALL Poissy - Box et Garde meuble,   47 Av. de Pontoise
LOCKALL Suresnes - Box et Garde meuble, 5 Rue Marcel Monge
LOCKALL Paris 8 - Box et Garde meuble,  190 Bd Haussmann
Stockage et garde meuble Lyon - Particuliers et professionnels - Jestocke,  60 Rue Tronchet
Jestocke : Stockage et garde meuble Saint-Etienne - Particuliers et professionnels, 13 Rue Joliot-Curie
Stockage et garde meuble Bourgoin - Particuliers et professionnels - Jestocke,  25 Quai de la Bourbre
Stockage et garde meuble Belfort - Particuliers et professionnels,  3 Fbg de Montbéliard
Stockage et garde meuble Bourg-en-Bresse - Particuliers et professionnels,  9 Rue du Bourbonnais
Stockage et garde meuble Ile-et-Vilaine - Particuliers et professionnels,   15 Rue de la Fontaine
Stockage et garde meuble Rennes - Particuliers et professionnels - Jestocke,    7 Rue du 10eme d'Artillerie
Stockage et garde meuble Nevers - Particuliers et professionnels - Jestocke,    12 Rue de la Boucharderie
Garde-meubles Orléans,  52 Rue Jeanne d'Arc
Stockage et garde-meubles Chartres - Particuliers et professionnels - Jestocke, 5 Rue Dieudonné Costes
Stockage et garde meuble Colmar - Particuliers et professionnels,   50 Grand Rue
Jestocke,   1 Rue des Roses
Stockage et garde meuble Hauts-de-France - Particuliers et professionnels,  57 Rue de Lorraine
Stockage et garde-meubles Amiens - Particuliers et professionnels,  10 Rue des Lombards
Jestocke Nanterre - Box de stockage et garde meuble,    10 Rue des Aubépines
Je stocke,  38 Rue des Jeuneurs
Jestocke,   33 Av. André Maginot
Stockage et garde meuble Paris 9 - Particuliers et professionnels,  24 Rue de Clichy
Stockage et garde meuble Evreux - Particuliers et professionnels,   18 Rue des Prés du Gord
Stockage et garde meuble Le Havre - Particuliers et professionnels, 92 Rue Aviateur Guérin A22
Stockage et garde meuble Rouen - Particuliers et professionnels,    3 Rue de Verdun
Stockage et garde meuble Bordeaux - Particuliers et professionnels, 12 Rue Théodore Ducos
Stockage et garde meuble Bègles - Particuliers et professionnels,   48 Rue Ferdinand Buisson
Stockage et garde meuble Eugénie les bains - Particuliers et professionnels - Jestocke.com, 200 Rte Cassagne
Jestocke,   1 Av. du Gén de Gaulle
Jestocke - Toulouse,    36 All. de Barcelone
Gilbert - Stockage de biens pour particuliers,  STATION F 5 Parv. Alan Turing
Location-gardemeuble,   33 Rue Louis Pasteur
Annexx mon box sécurisé,    50 Av. du Capitaine Glarner
Garde Meubles Nortier,  1 Rue Gay Lussac
Stockerseul.com - Garde meuble Collégien,   4 All. du Clos des Charmes
Une Pièce en Plus Poissy,   35 Rue Charles Edouard Jeanneret, , Paris
YouStock Paris, 7 Rue de Palestro
La RAMBOX Garde meuble - Centre de stockage - Particuliers - Entreprises ... Paris IDF 95,  4 Rue de la Briqueterie
selfstock.com Brétigny-sur-Orge,    2 Rue du Petit Paris
selfstock.com Freneuse, Zac les portes de l 'île de France Rue de La Croix du Moulin
Valopark - Location Box/Parking Garde Meuble,   62 bis Rue Christian Lacouture
Valopark - Location Box/Parking Garde Meuble,   Résidence Carré d'As 145 Rue Marius Berliet
Valopark - Location Box/Parking Garde Meuble,   28 Av. Georges Pompidou
Valopark - Location Box/Parking Garde Meuble,   24 Quai Dr Albert Schweitzer
Valopark - Location Box/Parking Garde Meuble,   8 Rue du Stand
Kostok Chelles - Box de stockage,   3 Rue Gustave Eiffel
Kostok Vitry,   47 - 49 Rue Marie Sorin Defresne
Costockage, 32 Rue de Paradis
Costockage Caen,    17 Rue Alexandre Bigot
Box Plus A6 Villabé,    18 Rue des Cerisiers
BOXECO STOCKAGE (Garde meuble - Self stockage - Essonne 91),    3 Rue Ambroise Croizat
Garde-Meubles Francilien,   3 Rue Panhard
POINT STOCK Villetaneuse,   20 Rue Raymond Brosse
Une Pièce en Plus Clichy, 200 Quai de Clichy, ,paris
Une Pièce en Plus Porte de la Chapelle, 151 Av. du Président Wilson, ,paris
1000 Box · Box de stockage Paris–Ivry-sur-Seine,    19 Av. Pierre Semard
A Mon Box · Garde meuble, 21 Rue Gabriel Péri
Une Pièce en Plus Place d'Italie, 20-22 Rue Barrault, ,paris 13
Garde-Meuble Peyron,    16 Rue Saint-Joseph
Une Pièce en Plus Boulogne, 23 Quai Alphonse le Gallo, ,paris
GARDE MEUBLES loca-stock,   AU FOND 16 Rte de Saint-Hubert BAT D